-- Domains
UPDATE domainids SET isFree = 0 WHERE id = 'DN00';
INSERT INTO domains(id) VALUES ('DN00');
UPDATE domainids SET isFree = 0 WHERE id = 'DN01';
INSERT INTO domains(id) VALUES ('DN01');
UPDATE domainids SET isFree = 0 WHERE id = 'DN02';
INSERT INTO domains(id) VALUES ('DN02');
UPDATE domainids SET isFree = 0 WHERE id = 'DN03';
INSERT INTO domains(id) VALUES ('DN03');
-- Patterns
UPDATE patternIds SET isFree = 0 WHERE id = 'P00';
INSERT INTO patterns(id, fk_domain_id) VALUES ('P00', 'DN00');
UPDATE patternIds SET isFree = 0 WHERE id = 'P01';
INSERT INTO patterns(id, fk_domain_id) VALUES ('P01', 'DN00');
UPDATE patternIds SET isFree = 0 WHERE id = 'P02';
INSERT INTO patterns(id, fk_domain_id) VALUES ('P02', 'DN00');
UPDATE patternIds SET isFree = 0 WHERE id = 'P03';
INSERT INTO patterns(id, fk_domain_id) VALUES ('P03', 'DN00');
UPDATE patternIds SET isFree = 0 WHERE id = 'P04';
INSERT INTO patterns(id, fk_domain_id) VALUES ('P04', 'DN01');
UPDATE patternIds SET isFree = 0 WHERE id = 'P05';
INSERT INTO patterns(id, fk_domain_id) VALUES ('P05', 'DN01');
UPDATE patternIds SET isFree = 0 WHERE id = 'P06';
INSERT INTO patterns(id, fk_domain_id) VALUES ('P06', 'DN01');
UPDATE patternIds SET isFree = 0 WHERE id = 'P07';
INSERT INTO patterns(id, fk_domain_id) VALUES ('P07', 'DN01');
UPDATE patternIds SET isFree = 0 WHERE id = 'P08';
INSERT INTO patterns(id, fk_domain_id) VALUES ('P08', 'DN02');
UPDATE patternIds SET isFree = 0 WHERE id = 'P09';
INSERT INTO patterns(id, fk_domain_id) VALUES ('P09', 'DN02');
UPDATE patternIds SET isFree = 0 WHERE id = 'P10';
INSERT INTO patterns(id, fk_domain_id) VALUES ('P10', 'DN02');
UPDATE patternIds SET isFree = 0 WHERE id = 'P11';
INSERT INTO patterns(id, fk_domain_id) VALUES ('P11', 'DN02');
UPDATE patternIds SET isFree = 0 WHERE id = 'P12';
INSERT INTO patterns(id, fk_domain_id) VALUES ('P12', 'DN03');
UPDATE patternIds SET isFree = 0 WHERE id = 'P13';
INSERT INTO patterns(id, fk_domain_id) VALUES ('P13', 'DN03');
UPDATE patternIds SET isFree = 0 WHERE id = 'P14';
INSERT INTO patterns(id, fk_domain_id) VALUES ('P14', 'DN03');
UPDATE patternIds SET isFree = 0 WHERE id = 'P15';
INSERT INTO patterns(id, fk_domain_id) VALUES ('P15', 'DN03');
-- Domain Nodes
UPDATE nodeIds SET isFree = 0 WHERE id = 'D00';
INSERT INTO nodes(id, is_active, is_connector, fk_pattern_id, fk_domain_id) VALUES ('D00',1,0,NULL,'DN00');
UPDATE nodeIds SET isFree = 0 WHERE id = 'D01';
INSERT INTO nodes(id, is_active, is_connector, fk_pattern_id, fk_domain_id) VALUES ('D01',1,0,NULL,'DN01');
UPDATE nodeIds SET isFree = 0 WHERE id = 'D02';
INSERT INTO nodes(id, is_active, is_connector, fk_pattern_id, fk_domain_id) VALUES ('D02',1,0,NULL,'DN02');
UPDATE nodeIds SET isFree = 0 WHERE id = 'D03';
INSERT INTO nodes(id, is_active, is_connector, fk_pattern_id, fk_domain_id) VALUES ('D03',1,0,NULL,'DN03');
-- Node IDs
UPDATE nodeIds SET isFree = 0 WHERE id LIKE 'N__';
UPDATE nodeids SET isFree = 1 WHERE id LIKE 'N8_' OR id LIKE 'N9_';
UPDATE nodeIds SET isFree = 1 WHERE id = '79';
-- Nodes
INSERT INTO nodes(id, is_active, is_connector, fk_pattern_id, fk_domain_id) VALUES ('N00',1,1,'P00',NULL);
INSERT INTO nodes(id, is_active, is_connector, fk_pattern_id, fk_domain_id) VALUES ('N01',1,0,'P00',NULL);
INSERT INTO nodes(id, is_active, is_connector, fk_pattern_id, fk_domain_id) VALUES ('N02',1,0,'P00',NULL);
INSERT INTO nodes(id, is_active, is_connector, fk_pattern_id, fk_domain_id) VALUES ('N03',1,0,'P00',NULL);
INSERT INTO nodes(id, is_active, is_connector, fk_pattern_id, fk_domain_id) VALUES ('N04',1,0,'P00',NULL);
INSERT INTO nodes(id, is_active, is_connector, fk_pattern_id, fk_domain_id) VALUES ('N05',1,0,'P00',NULL);
INSERT INTO nodes(id, is_active, is_connector, fk_pattern_id, fk_domain_id) VALUES ('N06',1,0,'P00',NULL);
INSERT INTO nodes(id, is_active, is_connector, fk_pattern_id, fk_domain_id) VALUES ('N07',1,1,'P01',NULL);
INSERT INTO nodes(id, is_active, is_connector, fk_pattern_id, fk_domain_id) VALUES ('N08',1,0,'P01',NULL);
INSERT INTO nodes(id, is_active, is_connector, fk_pattern_id, fk_domain_id) VALUES ('N09',1,0,'P01',NULL);
INSERT INTO nodes(id, is_active, is_connector, fk_pattern_id, fk_domain_id) VALUES ('N10',1,0,'P01',NULL);
INSERT INTO nodes(id, is_active, is_connector, fk_pattern_id, fk_domain_id) VALUES ('N11',1,0,'P01',NULL);
INSERT INTO nodes(id, is_active, is_connector, fk_pattern_id, fk_domain_id) VALUES ('N12',1,0,'P01',NULL);
INSERT INTO nodes(id, is_active, is_connector, fk_pattern_id, fk_domain_id) VALUES ('N13',1,1,'P02',NULL);
INSERT INTO nodes(id, is_active, is_connector, fk_pattern_id, fk_domain_id) VALUES ('N14',1,0,'P02',NULL);
INSERT INTO nodes(id, is_active, is_connector, fk_pattern_id, fk_domain_id) VALUES ('N15',1,0,'P02',NULL);
INSERT INTO nodes(id, is_active, is_connector, fk_pattern_id, fk_domain_id) VALUES ('N16',1,0,'P02',NULL);
INSERT INTO nodes(id, is_active, is_connector, fk_pattern_id, fk_domain_id) VALUES ('N17',1,0,'P02',NULL);
INSERT INTO nodes(id, is_active, is_connector, fk_pattern_id, fk_domain_id) VALUES ('N18',1,1,'P03',NULL);
INSERT INTO nodes(id, is_active, is_connector, fk_pattern_id, fk_domain_id) VALUES ('N19',1,0,'P03',NULL);
INSERT INTO nodes(id, is_active, is_connector, fk_pattern_id, fk_domain_id) VALUES ('N20',1,0,'P03',NULL);
INSERT INTO nodes(id, is_active, is_connector, fk_pattern_id, fk_domain_id) VALUES ('N21',1,0,'P03',NULL);
INSERT INTO nodes(id, is_active, is_connector, fk_pattern_id, fk_domain_id) VALUES ('N22',1,1,'P04',NULL);
INSERT INTO nodes(id, is_active, is_connector, fk_pattern_id, fk_domain_id) VALUES ('N23',1,0,'P04',NULL);
INSERT INTO nodes(id, is_active, is_connector, fk_pattern_id, fk_domain_id) VALUES ('N24',1,0,'P04',NULL);
INSERT INTO nodes(id, is_active, is_connector, fk_pattern_id, fk_domain_id) VALUES ('N25',1,0,'P04',NULL);
INSERT INTO nodes(id, is_active, is_connector, fk_pattern_id, fk_domain_id) VALUES ('N26',1,0,'P04',NULL);
INSERT INTO nodes(id, is_active, is_connector, fk_pattern_id, fk_domain_id) VALUES ('N27',1,0,'P04',NULL);
INSERT INTO nodes(id, is_active, is_connector, fk_pattern_id, fk_domain_id) VALUES ('N28',1,0,'P04',NULL);
INSERT INTO nodes(id, is_active, is_connector, fk_pattern_id, fk_domain_id) VALUES ('N29',1,1,'P05',NULL);
INSERT INTO nodes(id, is_active, is_connector, fk_pattern_id, fk_domain_id) VALUES ('N30',1,1,'P06',NULL);
INSERT INTO nodes(id, is_active, is_connector, fk_pattern_id, fk_domain_id) VALUES ('N31',1,0,'P06',NULL);
INSERT INTO nodes(id, is_active, is_connector, fk_pattern_id, fk_domain_id) VALUES ('N32',1,0,'P06',NULL);
INSERT INTO nodes(id, is_active, is_connector, fk_pattern_id, fk_domain_id) VALUES ('N33',1,1,'P07',NULL);
INSERT INTO nodes(id, is_active, is_connector, fk_pattern_id, fk_domain_id) VALUES ('N34',1,0,'P07',NULL);
INSERT INTO nodes(id, is_active, is_connector, fk_pattern_id, fk_domain_id) VALUES ('N35',1,0,'P07',NULL);
INSERT INTO nodes(id, is_active, is_connector, fk_pattern_id, fk_domain_id) VALUES ('N36',1,0,'P07',NULL);
INSERT INTO nodes(id, is_active, is_connector, fk_pattern_id, fk_domain_id) VALUES ('N37',1,0,'P07',NULL);
INSERT INTO nodes(id, is_active, is_connector, fk_pattern_id, fk_domain_id) VALUES ('N38',1,1,'P08',NULL);
INSERT INTO nodes(id, is_active, is_connector, fk_pattern_id, fk_domain_id) VALUES ('N39',1,0,'P08',NULL);
INSERT INTO nodes(id, is_active, is_connector, fk_pattern_id, fk_domain_id) VALUES ('N40',1,0,'P08',NULL);
INSERT INTO nodes(id, is_active, is_connector, fk_pattern_id, fk_domain_id) VALUES ('N41',1,0,'P08',NULL);
INSERT INTO nodes(id, is_active, is_connector, fk_pattern_id, fk_domain_id) VALUES ('N42',1,0,'P08',NULL);
INSERT INTO nodes(id, is_active, is_connector, fk_pattern_id, fk_domain_id) VALUES ('N43',1,0,'P08',NULL);
INSERT INTO nodes(id, is_active, is_connector, fk_pattern_id, fk_domain_id) VALUES ('N44',1,0,'P08',NULL);
INSERT INTO nodes(id, is_active, is_connector, fk_pattern_id, fk_domain_id) VALUES ('N45',1,1,'P09',NULL);
INSERT INTO nodes(id, is_active, is_connector, fk_pattern_id, fk_domain_id) VALUES ('N46',1,0,'P09',NULL);
INSERT INTO nodes(id, is_active, is_connector, fk_pattern_id, fk_domain_id) VALUES ('N47',1,0,'P09',NULL);
INSERT INTO nodes(id, is_active, is_connector, fk_pattern_id, fk_domain_id) VALUES ('N48',1,0,'P09',NULL);
INSERT INTO nodes(id, is_active, is_connector, fk_pattern_id, fk_domain_id) VALUES ('N49',1,0,'P09',NULL);
INSERT INTO nodes(id, is_active, is_connector, fk_pattern_id, fk_domain_id) VALUES ('N50',1,0,'P09',NULL);
INSERT INTO nodes(id, is_active, is_connector, fk_pattern_id, fk_domain_id) VALUES ('N51',1,1,'P10',NULL);
INSERT INTO nodes(id, is_active, is_connector, fk_pattern_id, fk_domain_id) VALUES ('N52',1,0,'P10',NULL);
INSERT INTO nodes(id, is_active, is_connector, fk_pattern_id, fk_domain_id) VALUES ('N53',1,0,'P10',NULL);
INSERT INTO nodes(id, is_active, is_connector, fk_pattern_id, fk_domain_id) VALUES ('N54',1,0,'P10',NULL);
INSERT INTO nodes(id, is_active, is_connector, fk_pattern_id, fk_domain_id) VALUES ('N55',1,0,'P10',NULL);
INSERT INTO nodes(id, is_active, is_connector, fk_pattern_id, fk_domain_id) VALUES ('N56',1,0,'P10',NULL);
INSERT INTO nodes(id, is_active, is_connector, fk_pattern_id, fk_domain_id) VALUES ('N57',1,0,'P10',NULL);
INSERT INTO nodes(id, is_active, is_connector, fk_pattern_id, fk_domain_id) VALUES ('N58',1,1,'P11',NULL);
INSERT INTO nodes(id, is_active, is_connector, fk_pattern_id, fk_domain_id) VALUES ('N59',1,0,'P11',NULL);
INSERT INTO nodes(id, is_active, is_connector, fk_pattern_id, fk_domain_id) VALUES ('N60',1,0,'P11',NULL);
INSERT INTO nodes(id, is_active, is_connector, fk_pattern_id, fk_domain_id) VALUES ('N61',1,0,'P11',NULL);
INSERT INTO nodes(id, is_active, is_connector, fk_pattern_id, fk_domain_id) VALUES ('N62',1,0,'P11',NULL);
INSERT INTO nodes(id, is_active, is_connector, fk_pattern_id, fk_domain_id) VALUES ('N63',1,0,'P11',NULL);
INSERT INTO nodes(id, is_active, is_connector, fk_pattern_id, fk_domain_id) VALUES ('N64',1,1,'P12',NULL);
INSERT INTO nodes(id, is_active, is_connector, fk_pattern_id, fk_domain_id) VALUES ('N65',1,0,'P12',NULL);
INSERT INTO nodes(id, is_active, is_connector, fk_pattern_id, fk_domain_id) VALUES ('N66',1,0,'P12',NULL);
INSERT INTO nodes(id, is_active, is_connector, fk_pattern_id, fk_domain_id) VALUES ('N67',1,0,'P12',NULL);
INSERT INTO nodes(id, is_active, is_connector, fk_pattern_id, fk_domain_id) VALUES ('N68',1,1,'P13',NULL);
INSERT INTO nodes(id, is_active, is_connector, fk_pattern_id, fk_domain_id) VALUES ('N69',1,1,'P14',NULL);
INSERT INTO nodes(id, is_active, is_connector, fk_pattern_id, fk_domain_id) VALUES ('N70',1,0,'P14',NULL);
INSERT INTO nodes(id, is_active, is_connector, fk_pattern_id, fk_domain_id) VALUES ('N71',1,0,'P14',NULL);
INSERT INTO nodes(id, is_active, is_connector, fk_pattern_id, fk_domain_id) VALUES ('N72',1,0,'P14',NULL);
INSERT INTO nodes(id, is_active, is_connector, fk_pattern_id, fk_domain_id) VALUES ('N73',1,0,'P14',NULL);
INSERT INTO nodes(id, is_active, is_connector, fk_pattern_id, fk_domain_id) VALUES ('N74',1,1,'P15',NULL);
INSERT INTO nodes(id, is_active, is_connector, fk_pattern_id, fk_domain_id) VALUES ('N75',1,0,'P15',NULL);
INSERT INTO nodes(id, is_active, is_connector, fk_pattern_id, fk_domain_id) VALUES ('N76',1,0,'P15',NULL);
INSERT INTO nodes(id, is_active, is_connector, fk_pattern_id, fk_domain_id) VALUES ('N77',1,0,'P15',NULL);
INSERT INTO nodes(id, is_active, is_connector, fk_pattern_id, fk_domain_id) VALUES ('N78',1,0,'P15',NULL);
-- Node Connections
INSERT INTO node_connections(fk_node_id, fk_target_id) VALUES ('N00','D00');
INSERT INTO node_connections(fk_node_id, fk_target_id) VALUES ('N00','N05');
INSERT INTO node_connections(fk_node_id, fk_target_id) VALUES ('N00','N13');
INSERT INTO node_connections(fk_node_id, fk_target_id) VALUES ('N01','N02');
INSERT INTO node_connections(fk_node_id, fk_target_id) VALUES ('N01','N06');
INSERT INTO node_connections(fk_node_id, fk_target_id) VALUES ('N02','N03');
INSERT INTO node_connections(fk_node_id, fk_target_id) VALUES ('N03','N04');
INSERT INTO node_connections(fk_node_id, fk_target_id) VALUES ('N04','N05');
INSERT INTO node_connections(fk_node_id, fk_target_id) VALUES ('N05','N06');
INSERT INTO node_connections(fk_node_id, fk_target_id) VALUES ('N07','D00');
INSERT INTO node_connections(fk_node_id, fk_target_id) VALUES ('N07','N08');
INSERT INTO node_connections(fk_node_id, fk_target_id) VALUES ('N07','N11');
INSERT INTO node_connections(fk_node_id, fk_target_id) VALUES ('N07','N18');
INSERT INTO node_connections(fk_node_id, fk_target_id) VALUES ('N08','N09');
INSERT INTO node_connections(fk_node_id, fk_target_id) VALUES ('N08','N12');
INSERT INTO node_connections(fk_node_id, fk_target_id) VALUES ('N09','N10');
INSERT INTO node_connections(fk_node_id, fk_target_id) VALUES ('N10','N11');
INSERT INTO node_connections(fk_node_id, fk_target_id) VALUES ('N11','N12');
INSERT INTO node_connections(fk_node_id, fk_target_id) VALUES ('N13','D00');
INSERT INTO node_connections(fk_node_id, fk_target_id) VALUES ('N13','N14');
INSERT INTO node_connections(fk_node_id, fk_target_id) VALUES ('N13','N16');
INSERT INTO node_connections(fk_node_id, fk_target_id) VALUES ('N13','N17');
INSERT INTO node_connections(fk_node_id, fk_target_id) VALUES ('N14','N15');
INSERT INTO node_connections(fk_node_id, fk_target_id) VALUES ('N14','N17');
INSERT INTO node_connections(fk_node_id, fk_target_id) VALUES ('N15','N16');
INSERT INTO node_connections(fk_node_id, fk_target_id) VALUES ('N16','N17');
INSERT INTO node_connections(fk_node_id, fk_target_id) VALUES ('N18','D00');
INSERT INTO node_connections(fk_node_id, fk_target_id) VALUES ('N18','N21');
INSERT INTO node_connections(fk_node_id, fk_target_id) VALUES ('N19','N20');
INSERT INTO node_connections(fk_node_id, fk_target_id) VALUES ('N19','N21');
INSERT INTO node_connections(fk_node_id, fk_target_id) VALUES ('N20','N21');
INSERT INTO node_connections(fk_node_id, fk_target_id) VALUES ('N22','D01');
INSERT INTO node_connections(fk_node_id, fk_target_id) VALUES ('N22','N25');
INSERT INTO node_connections(fk_node_id, fk_target_id) VALUES ('N22','N26');
INSERT INTO node_connections(fk_node_id, fk_target_id) VALUES ('N22','N28');
INSERT INTO node_connections(fk_node_id, fk_target_id) VALUES ('N22','N29');
INSERT INTO node_connections(fk_node_id, fk_target_id) VALUES ('N22','N30');
INSERT INTO node_connections(fk_node_id, fk_target_id) VALUES ('N23','N24');
INSERT INTO node_connections(fk_node_id, fk_target_id) VALUES ('N23','N28');
INSERT INTO node_connections(fk_node_id, fk_target_id) VALUES ('N24','N25');
INSERT INTO node_connections(fk_node_id, fk_target_id) VALUES ('N25','N26');
INSERT INTO node_connections(fk_node_id, fk_target_id) VALUES ('N26','N27');
INSERT INTO node_connections(fk_node_id, fk_target_id) VALUES ('N27','N28');
INSERT INTO node_connections(fk_node_id, fk_target_id) VALUES ('N29','D01');
INSERT INTO node_connections(fk_node_id, fk_target_id) VALUES ('N29','N33');
INSERT INTO node_connections(fk_node_id, fk_target_id) VALUES ('N30','D01');
INSERT INTO node_connections(fk_node_id, fk_target_id) VALUES ('N30','N31');
INSERT INTO node_connections(fk_node_id, fk_target_id) VALUES ('N30','N32');
INSERT INTO node_connections(fk_node_id, fk_target_id) VALUES ('N31','N32');
INSERT INTO node_connections(fk_node_id, fk_target_id) VALUES ('N33','D01');
INSERT INTO node_connections(fk_node_id, fk_target_id) VALUES ('N33','N34');
INSERT INTO node_connections(fk_node_id, fk_target_id) VALUES ('N33','N36');
INSERT INTO node_connections(fk_node_id, fk_target_id) VALUES ('N34','N35');
INSERT INTO node_connections(fk_node_id, fk_target_id) VALUES ('N34','N37');
INSERT INTO node_connections(fk_node_id, fk_target_id) VALUES ('N35','N36');
INSERT INTO node_connections(fk_node_id, fk_target_id) VALUES ('N36','N37');
INSERT INTO node_connections(fk_node_id, fk_target_id) VALUES ('N38','D02');
INSERT INTO node_connections(fk_node_id, fk_target_id) VALUES ('N38','N40');
INSERT INTO node_connections(fk_node_id, fk_target_id) VALUES ('N38','N41');
INSERT INTO node_connections(fk_node_id, fk_target_id) VALUES ('N38','N42');
INSERT INTO node_connections(fk_node_id, fk_target_id) VALUES ('N38','N45');
INSERT INTO node_connections(fk_node_id, fk_target_id) VALUES ('N39','N40');
INSERT INTO node_connections(fk_node_id, fk_target_id) VALUES ('N39','N44');
INSERT INTO node_connections(fk_node_id, fk_target_id) VALUES ('N40','N41');
INSERT INTO node_connections(fk_node_id, fk_target_id) VALUES ('N41','N42');
INSERT INTO node_connections(fk_node_id, fk_target_id) VALUES ('N42','N43');
INSERT INTO node_connections(fk_node_id, fk_target_id) VALUES ('N43','N44');
INSERT INTO node_connections(fk_node_id, fk_target_id) VALUES ('N45','D02');
INSERT INTO node_connections(fk_node_id, fk_target_id) VALUES ('N45','N47');
INSERT INTO node_connections(fk_node_id, fk_target_id) VALUES ('N45','N48');
INSERT INTO node_connections(fk_node_id, fk_target_id) VALUES ('N45','N49');
INSERT INTO node_connections(fk_node_id, fk_target_id) VALUES ('N46','N47');
INSERT INTO node_connections(fk_node_id, fk_target_id) VALUES ('N46','N50');
INSERT INTO node_connections(fk_node_id, fk_target_id) VALUES ('N47','N48');
INSERT INTO node_connections(fk_node_id, fk_target_id) VALUES ('N48','N49');
INSERT INTO node_connections(fk_node_id, fk_target_id) VALUES ('N49','N50');
INSERT INTO node_connections(fk_node_id, fk_target_id) VALUES ('N51','D02');
INSERT INTO node_connections(fk_node_id, fk_target_id) VALUES ('N51','N54');
INSERT INTO node_connections(fk_node_id, fk_target_id) VALUES ('N51','N55');
INSERT INTO node_connections(fk_node_id, fk_target_id) VALUES ('N51','N57');
INSERT INTO node_connections(fk_node_id, fk_target_id) VALUES ('N51','N58');
INSERT INTO node_connections(fk_node_id, fk_target_id) VALUES ('N52','N53');
INSERT INTO node_connections(fk_node_id, fk_target_id) VALUES ('N52','N57');
INSERT INTO node_connections(fk_node_id, fk_target_id) VALUES ('N53','N54');
INSERT INTO node_connections(fk_node_id, fk_target_id) VALUES ('N54','N55');
INSERT INTO node_connections(fk_node_id, fk_target_id) VALUES ('N55','N56');
INSERT INTO node_connections(fk_node_id, fk_target_id) VALUES ('N56','N57');
INSERT INTO node_connections(fk_node_id, fk_target_id) VALUES ('N58','D02');
-- INSERT INTO node_connections(fk_node_id, fk_target_id) VALUES ('N58','N57'); -- this looks suspicious
INSERT INTO node_connections(fk_node_id, fk_target_id) VALUES ('N58','N62');
INSERT INTO node_connections(fk_node_id, fk_target_id) VALUES ('N59','N60');
INSERT INTO node_connections(fk_node_id, fk_target_id) VALUES ('N59','N63');
INSERT INTO node_connections(fk_node_id, fk_target_id) VALUES ('N60','N61');
INSERT INTO node_connections(fk_node_id, fk_target_id) VALUES ('N61','N62');
INSERT INTO node_connections(fk_node_id, fk_target_id) VALUES ('N62','N63');
INSERT INTO node_connections(fk_node_id, fk_target_id) VALUES ('N64','D03');
INSERT INTO node_connections(fk_node_id, fk_target_id) VALUES ('N64','N65');
INSERT INTO node_connections(fk_node_id, fk_target_id) VALUES ('N64','N68');
INSERT INTO node_connections(fk_node_id, fk_target_id) VALUES ('N64','N69');
INSERT INTO node_connections(fk_node_id, fk_target_id) VALUES ('N65','N66');
INSERT INTO node_connections(fk_node_id, fk_target_id) VALUES ('N65','N67');
INSERT INTO node_connections(fk_node_id, fk_target_id) VALUES ('N66','N67');
INSERT INTO node_connections(fk_node_id, fk_target_id) VALUES ('N68','D03');
INSERT INTO node_connections(fk_node_id, fk_target_id) VALUES ('N68','N74');
INSERT INTO node_connections(fk_node_id, fk_target_id) VALUES ('N69','D03');
INSERT INTO node_connections(fk_node_id, fk_target_id) VALUES ('N69','N72');
INSERT INTO node_connections(fk_node_id, fk_target_id) VALUES ('N69','N74');
INSERT INTO node_connections(fk_node_id, fk_target_id) VALUES ('N70','N71');
INSERT INTO node_connections(fk_node_id, fk_target_id) VALUES ('N70','N73');
INSERT INTO node_connections(fk_node_id, fk_target_id) VALUES ('N71','N72');
INSERT INTO node_connections(fk_node_id, fk_target_id) VALUES ('N72','N73');
INSERT INTO node_connections(fk_node_id, fk_target_id) VALUES ('N74','D03');
INSERT INTO node_connections(fk_node_id, fk_target_id) VALUES ('N74','N78');
INSERT INTO node_connections(fk_node_id, fk_target_id) VALUES ('N75','N76');
INSERT INTO node_connections(fk_node_id, fk_target_id) VALUES ('N75','N78');
INSERT INTO node_connections(fk_node_id, fk_target_id) VALUES ('N76','N77');
INSERT INTO node_connections(fk_node_id, fk_target_id) VALUES ('N77','N78');
INSERT INTO node_connections(fk_node_id, fk_target_id) VALUES ('D00','D01');
INSERT INTO node_connections(fk_node_id, fk_target_id) VALUES ('D00','D02');
INSERT INTO node_connections(fk_node_id, fk_target_id) VALUES ('D01','D02');
INSERT INTO node_connections(fk_node_id, fk_target_id) VALUES ('D02','D03');